{
	"cohorts" : [

	{ 
			"year" : "2015",
			"cohort" : "kobi",
			"logo" : "img/logos/kobi.jpg",
			"students" : [ 
				{
					"id" : "k15-JimmyYoon",
 					"name" : "Jimmy Yoon",
					"headshot" : "img/lindsay.jpg",
					"headshot_funny" : "img/lindsay-fun.jpg",
					"cohort" : "kobi",
					"skills" : ["ui", "dev"],
					"skill1" : "ui",
					"skill2" : "dev",
					"portfolio" : "jjyoon.com",
					"linkedin" : "N/A",
					"twitter" : "N/A",
					"available" : "fulltime",
					"location" : ["Chicago, IL"],
					"location1" : "ChicagoIL",
					"bio" : "Jimmy is a UI designer with supporting skills in UX and front-end development."
				},
				{
					"id" : "k15-ShreyaIndukuri",
					"name" : "Shreya Indukuri",
					"headshot" : "img/lindsay.jpg",
					"headshot_funny" : "",
					"cohort" : "kobi",
					"skills" : ["ui", "dev"],
					"skill1" : "ui",
					"skill2" : "dev",
					"portfolio" : "behance.net/shreyai",
					"linkedin" : "linkedin.com/pub/shreya-indukuri/20/668/a19",
					"twitter" : "N/A",
					"available" : "fulltime",
					"location" : ["Hanover, NH"],
					"location1" : "HanoverNH",
					"bio" : "Shreya is a rising senior at Dartmouth College interested in UI, UX, and interaction design."
				},
				{
					"id" : "k15-DaveLitterio",
					"name" : "Dave Litterio",
					"headshot" : "img/lindsay.jpg",
					"headshot_funny" : "",
					"cohort" : "kobi",
 					"skills" : ["ui", "ux"],
 					"skill1" : "ui",
 					"skill2" : "ux",
					"portfolio" : "litteriodigital.com",
					"linkedin" : "N/A",
					"twitter" : "N/A",
					"available" : "fulltime",
					"location" : ["Chicago, IL"],
					"location1" : "ChicagoIL",
					"bio" : "Dave is a former photographer, now UI designer with a UX mind. He loves Foo Fighters and has wealth of knowledge in Seinfeld quotes and trivia. Don't start quoting Dumb & Dumber though because he'll probably finish the whole script..."
				},
				{
					"id" : "k15-NelsonChang",
					"name" : "Nelson Chang",
					"headshot" : "img/lindsay.jpg",
					"headshot_funny" : "",
					"cohort" : "kobi",
					"skills" : ["dev", "ui"],
					"skill1" : "dev",
					"skill2" : "ui",
					"portfolio" : "iamnelson.me",
					"linkedin" : "linkedin.com/in/nelsonschang",
					"twitter" : "neldotpng",
					"available" : "fulltime",
					"location" : ["Chicago, IL"],
					"location1" : "ChicagoIL",
					"bio" : "Nelson is a front end developer with a strong interest in user interface design. He is addicted to music and might die if he goes 24 hours without listening to anything."
				},
				{
					"id" : "k15-BrandonFujii",
					"name" : "Brandon Fujii",
					"headshot" : "img/lindsay.jpg",
					"headshot_funny" : "",
					"cohort" : "kobi",
					"skills" : ["dev", "ui"],
					"skill1" : "dev",
					"skill2" : "ui",
					"portfolio" : "brandonfujii.com",
					"linkedin" : "linkedin.com/in/bfujii",
					"twitter" : "brandonfujii",
					"available" : "fulltime",
					"location" : ["Chicago, IL", "San Francisco, CA"],
					"location1" : "ChicagoIL",
					"location2" : "SanFranciscoCA",
					"bio" : "Brandon is a front-end developer with experience in user interface design. He is studying computer science as a second-year at Northwestern University."
				},
				{
					"id" : "k15-NathanLlewellyn",
					"name" : "Nathan Llewellyn",
					"headshot" : "img/lindsay.jpg",
					"headshot_funny" : "",
					"cohort" : "kobi",
					"skills" : ["ux", "ui"],
					"skill1" : "ux",
					"skill2" : "ui",
					"portfolio" : "natedoesux.design",
					"linkedin" : "linkedin.com/in/nathanllewellyn",
					"twitter" : "nathan_lion",
					"available" : "fulltime",
					"location" : ["Provo, UT"],
					"location1" : "ProvoUT",
					"bio" : "Nathan is a UX designer with a special interest in interaction design. When he's not geeking out about technology he likes to cycle, hike, build furniture, and listen to great music."
				},
				{
					"id" : "k15-SucyMunoz",
					"name" : "Sucy Munoz",
					"headshot" : "img/lindsay.jpg",
					"headshot_funny" : "",
					"cohort" : "kobi",
					"skills" : ["ui", "ux"],
					"skill1" : "ui",
					"skill2" : "ux",
					"portfolio" : "",
					"linkedin" : "linkedin.com/pub/sucy-munoz/b9/671/457",
					"twitter" : "sucy524",
					"available" : "fulltime",
					"location" : ["Chicago, IL"],
					"location1" : "ChicagoIL",
					"bio" : "Sucy is a UX/UI designer with a graphic design background. She loves reading books, and quoting random movie quotes that no one gets. 'It's 106 miles to Chicago, we got a full tank of gas, half a pack of cigarettes, it's dark... and we're wearing sunglasses.'"
				},
				{
					"id" : "k15-DannyLuber",
					"name" : "Danny Luber",
					"headshot" : "img/lindsay.jpg",
					"headshot_funny" : "",
					"cohort" : "kobi",
					"skills" : ["ux", "ui"],
					"skill1" : "ux",
					"skill2" : "ui",
					"portfolio" : "dannyluber.com",
					"linkedin" : "linkedin.com/in/dannyluber",
					"twitter" : "dannyluber",
					"available" : "fulltime",
					"location" : ["Chicago, IL"],
					"location1" : "ChicagoIL",
					"bio" : "Danny is an Interaction Designer with a background in business management and marketing."
				},
				{
					"id" : "k15-JennaReed",
					"name" : "Jenna Reed",
					"headshot" : "img/lindsay.jpg",
					"headshot_funny" : "",
					"cohort" : "kobi",
					"skills" : ["ui"],
					"skill1" : "ui",
					"portfolio" : "",
					"linkedin" : "linkedin.com/pub/jenna-reed/90/a22/440",
					"twitter" : "JennaReedDesign",
					"available" : "fulltime",
					"location" : ["Chicago, IL"],
					"location1" : "ChicagoIL",
					"bio" : "Jenna is an amiable UI designer with a background in web design, development, and graphic design.  This music aficionado enjoys a proper mosh pit, psychological driven movies, and the opportunity to enjoy a patio beer with old and new friends alike."
				},
				{
					"id" : "k15-AdamSenese",
					"name" : "Adam Senese",
					"headshot" : "img/lindsay.jpg",
					"headshot_funny" : "",
					"cohort" : "kobi",
					"skills" : ["ui"],
					"skill1" : "ui",
					"portfolio" : "senese.io",
					"linkedin" : "linkedin.com/pub/adam-senese/47/bb0/782",
					"twitter" : "Adam_Sensei",
					"available" : "fulltime",
					"location" : ["Chicago, IL"],
					"location1" : "ChicagoIL",
					"bio" : "Adam is a Designer/Developer with a love for clean and intuitive user interfaces."
				},
				{
					"id" : "k15-CedricMayer",
					"name" : "Cedric Mayer",
					"headshot" : "img/lindsay.jpg",
					"headshot_funny" : "",
					"cohort" : "kobi",
					"skills" : ["ui", "dev"],
					"skill1" : "ui",
					"skill2" : "dev",
					"portfolio" : "cedricmayer.com",
					"linkedin" : "linkedin.com/pub/james-cedric-mayer/48/440/bb1",
					"twitter" : "cedricmayer1",
					"available" : "fulltime",
					"location" : ["New York, NY"],
					"location1" : "NewYorkNY",
					"bio" : "Cedric is a part-time hardware engineer, part-time software engineer, part-time interaction designer and part-time ping pong master with a passion for building complex apps packaged into intuitive interfaces."
				},
				{
					"id" : "k15-CeciliaRichey",
					"name" : "Cecilia Richey",
					"headshot" : "img/lindsay.jpg",
					"headshot_funny" : "",
					"cohort" : "kobi",
					"skills" : ["ux", "ui", "dev"],
					"skill1" : "ux",
					"skill2" : "ui",
					"skill3" : "dev",
					"portfolio" : "ceciliarichey.com",
					"linkedin" : "linkedin.com/in/ceciliarichey",
					"twitter" : "ceciliarichey",
					"available" : "parttime",
					"location" : ["Denver, CO"],
					"location1" : "DenverCO",
					"bio" : ""
				},
				{
					"id" : "k15-SarahYoung",
					"name" : "Sarah Young",
					"headshot" : "img/lindsay.jpg",
					"headshot_funny" :  "",
					"cohort" : "kobi",
					"skills" : ["ux" , "ui"],
					"skill1" : "ux",
					"skill2" : "ui",
					"portfolio" : "uxsarah.com",
					"linkedin" : "linkedin.com/in/sarahyoung26",
					"twitter" : "ux_sarah",
					"available" : "fulltime",
					"location" : ["Kailua, HI"],
					"location1" : "KailuaHI",
					"bio" : "Sarah is a UX designer with a background in education. Her love for culture and travel brought her to South Korea, where she lived for 3 years. If you witness Sarah turning down a good glass of malbec, take a picture, because that's something that just doesn't happen."
				},
				{
					"id" : "k15-SimonKwan",
					"name" : "Simon Kwan",
					"headshot" : "img/lindsay.jpg",
					"headshot_funny" : "",
					"cohort" : "kobi",
					"skills" : ["ux", "ui"],
					"skill1" : "ux",
					"skill2" : "ui",
					"portfolio" : "simonkkwan.com",
					"linkedin" : "linkedin.com/in/simonkkwan",
					"twitter" : "simonkkwan",
					"available" : "fulltime",
					"location" : ["San Francisco, CA"],
					"location1" : "SanFranciscoCA",
					"bio" : "Simon loves pretty, simple things. Runs on dunkin'."
				}
			]
	
	},
	{ 
			"year" : "2015",
			"cohort" : "jet",
			"logo" : "img/logos/jet.jpg",
			"students" : [
					{ 
						"id" : "j15-KevinKuk",
						"name" : "Kevin Kuk",
						"headshot" : "img/jet/jet_kevin.jpg",
						"headshot_funny" : "img/jet/jet_kevin_funny.jpg",
						"cohort" : "jet",
						"skills" : ["ux", "ui", "dev"],
						"skill1" : "ux", 
						"skill2" : "ui",
						"skill3" : "dev",
						"portfolio": "N/A",
						"linkedin" : "linkedin.com/in/kvnkuk",
						"twitter" : "N/A",
						"available" : "fulltime",
						"location" : ["Chicago, IL"],
						"location1" : "ChicagoIL",
						"bio" : "Kevin is a UX focused UI designer with a graphic design background. He loves coffee, comics (batman in specific), and hiphop."
					},
					{
						"id" : "j15-AbrahamBan",
						"name" : "Abraham Ban",
						"headshot" : "img/jet/jet_abe.jpg",
						"headshot_funny" : "img/jet/jet_abe_funny.jpg",
						"cohort" : "jet",
						"skills" : ["ui", "dev"],
						"skill1" : "ui",
						"skill2" : "dev",
						"portfolio" : "N/A",
						"linkedin" : "linkedin.com/in/abrahamban",
						"twitter" : "N/A",
						"available" : "fulltime",
						"location" : ["Chicago, IL"],
						"location1" : "ChicagoIL",
						"bio" : "Abraham is a UI Designer and Front-End Developer with a graphic design background. He loves mind-bending movies (Momento), writing scripts, and eating... but not too much though."
					},
					{
						"id" : "j15-IsaacSeo",
						"name" : "Isaac Seo",
						"headshot" : "img/jet/jet_isaac.jpg",
						"headshot_funny" : "img/jet/jet_isaac_funny.jpg",
						"cohort" : "jet",
						"skills" : ["dev"],
						"skill1" : "dev",
						"portfolio" : "",
						"linkedin" : "linkedin.com/in/iseo12",
						"twitter": "N/A",
						"available" : "fulltime",
						"location" : ["Champaign, IL"],
						"location1" : "ChampaignIL",
						"bio" : "Isaac is a wild party animal, chatting it up every moment he gets. Don't let his boisterous lifestyle fool you, he's one of the hardest workers of the land."
					},
					{
						"id" : "j15-ArielleSaporta",
						"name" : "Arielle Saporta",
						"headshot" : "img/jet/jet_arielle.jpg",
						"headshot_funny" : "img/jet/jet_arielle_funny.jpg",
						"cohort" : "jet",
 						"skills" : ["ux", "dev"],
 						"skill1" : "ux",
 						"skill2" : "dev",
						"portfolio" : "N/A",
						"linkedin" : "N/A",
						"twitter" : "asap_6",
						"available" : "fulltime",
						"location" : ["Chicago, IL"],
						"location1" : "ChicagoIL",
						"bio" : "Arielle is an award winning parkour player, mixing beats and creating beautiful chemical works of art used by the finest of neuroscientists."

					},
					{
						"id" : "j15-KarenUcol",
						"name" : "Karen Ucol",
						"headshot" : "img/jet/jet_karen.jpg",
						"headshot_funny" : "img/jet/jet_karen_funny.jpg",
						"cohort" : "jet",
						"skills" : ["ux", "ui"],
						"skill1" : "ux",
						"skill2" : "ui",
						"portfolio" : "karenucol.com",
						"linkedin" : "linkedin.com/in/karenucol",
						"twitter" : "karenucol",
						"available" : "fulltime",
						"location" : ["Chicago, IL", "Seattle, WA"],
						"location1" : "ChicagoIL",
						"location2" : "SeattleWA",
						"bio" : "Karen is a sparkle filled being, derived from sea salt and mermaid magic."
					},
					{
						"id" : "j15-CaitlynChildress",
						"name" : "Caitlyn Childress",
						"headshot" : "img/jet/jet_caitlyn.jpg",
						"headshot_funny" : "img/jet/jet_caitlyn_funny.jpg",
						"cohort" : "jet",
						"skills" : ["ui", "dev"],
						"skill1" : "ui",
						"skill2" : "dev",
						"portfolio" : "caitlynchildress.com",
						"linkedin" : "linkedin.com/pub/caitlyn-childress/3b/907/775",
						"twitter" : "N/A",
						"available" : "fulltime",
						"location" : ["Chicago, IL"],
						"location1" : "ChicagoIL",
						"bio" : "Caitlyn is a UI designer and Front End Dev. She enjoys strolling through the Art Institute and hanging out with personality filled dogs."
					},
					{
						"id" : "j15-RebeccaHarris",
						"name" : "Rebecca Harris",
						"headshot" : "img/jet/jet_rebecca.jpg",
						"headshot_funny" : "img/jet/jet_rebecca_funny.jpg",
						"cohort" : "jet",
						"skills" : ["ui", "ux"],
						"skill1" : "ui",
						"skill2" : "ux",
						"portfolio" : "rebeccadianeharris.com",
						"linkedin" : "linkedin.com/pub/rebecca-harris/b0/b36/492",
						"twitter" : "bec_bec1",
						"available" : "fulltime",
						"location" : ["South Jordan, UT"],
						"location1" : "SouthJordanUT",
						"bio" : "Rebecca is a UX/UI designer who has a curious mind, infategable optimism, and a love of strange foods."
					},
					{
						"id" : "j15-KailyGillan",
						"name" : "Kaily Gillan",
						"headshot" : "img/jet/jet_kaily_gillan.jpg",
						"headshot_funny" : "img/jet/jet_kaily_funny.jpg",
						"cohort" : "jet",
						"skills" : ["ux"],
						"skill1" : "ux",
						"portfolio" : "kailygillan.com",
						"linkedin" : "linkedin.com/pub/kaily-gillan/7b/b80/b16",
						"twitter" : "N/A",
						"available" : "fulltime",
						"location" : ["Chicago, IL"],
						"location1" : "ChicagoIL",
						"bio" : "Kaily is an interaction designer with a deep understanding of UI and HTML/CSS. She loves climbing, corgis, and fish tacos."
					},
					{
						"id" : "j15-JiSuHiatt",
						"name" : "Ji Su Hiatt",
						"headshot" : "img/jet/jet_jisu.jpg",
						"headshot_funny" : "img/jet/jet_jisu_funny.jpg",
						"cohort" : "jet",
						"skills" : ["ux", "dev"],
						"skill1" : "ux",
						"skill2" : "dev",
						"portfolio" : "jisuhiatt.com",
						"linkedin" : "linkedin.com/in/parkjisu",
						"twitter" : "jisuhiatt",
						"available" : "fulltime",
						"location" : ["Richmond, VA"],
						"location1" : "RichmondVA",
						"bio" : "Ji Su is a UX designer and front-end developer who brings enthusiasm and ambition to every project she works on.  She loves all things design, tech, food, hiking, and science, and could probably spend all day in an art supply store or eating fruit."
					},
					{
						"id" : "j15-StephanieMartinez",
						"name" : "Stephanie Martinez",
						"headshot" : "img/jet/jet_stephanie.jpg",
						"headshot_funny" : "img/jet/jet_stephanie_funny.jpg",
						"cohort" : "jet",
						"skills" : ["ux", "ui"],
						"skill1" : "ux",
						"skill2" : "ui",
						"portfolio" : "N/A",
						"linkedin" : "linkedin.com/pub/stephanie-martinez/50/550/a6a",
						"twitter" : "smartez87",
						"available" : "fulltime",
						"location" : ["Chicago, IL"],
						"location1" : "ChicagoIL",
						"bio" : "Stephanie is a UX designer who dabbles in UI. She has a love and respect for language, culture and travel that allows her to bring a fresh perspective to her design work. "
					},
					{
						"id" : "j15-CatherineWood",
						"name" : "Catherine Wood",
						"headshot" : "img/jet/jet_catherine.jpg",
						"headshot_funny" : "img/jet/jet_catherine_fun.jpg",
						"cohort" : "jet",
						"skills" : ["ux"],
						"skill1" : "ux",
						"portfolio" : "uxcatherine.com",
						"linkedin" : "https://ca.linkedin.com/in/uxcatherine",
						"twitter" : "uxcatherine",
						"available" : "fulltime",
						"location" : ["Toronto, ON"],
						"location1" : "TorontoON",
						"bio" : ""
					},
					{
						"id" : "j15-RachelRiordan",
						"name" : "Rachel Riordan",
						"headshot" : "img/jet/jet_rachel.jpg",
						"headshot_funny" : "img/jet/jet_rachel_funny.jpg",
						"cohort" : "jet",
						"skills" : ["ux", "ui"],
						"skill1" : "ux",
						"skill2" : "ui",
						"portfolio" : "N/A",
						"linkedin" : "N/A",
						"twitter" : "N/A",
						"available" : "fulltime",
						"location" : ["Chicago, IL"],
						"location1" : "ChicagoIL",
						"bio" : "Rachel loves scruffy older men with drive, anyone with a side smirk, and chubby ladies that use sporks."
					}


				]

	},
	{
		"year" : "2015",
		"cohort" : "ivory",
		"logo" : "img/logos/ivory.jpg",
		"students" : [
			{
				"id" : "i15-AaronFaucher",
				"name" : "Aaron Faucher",
				"headshot" : "img/ivory/ivory_aaron.jpg",
				"headshot_funny" : "img/ivory/ivory_aaron_funny.jpg",
				"cohort" : "ivory",
				"skills" : [],
				"skill1" : "",
				"skill2" : "",
				"portfolio" : "",
				"linkedin" : "",
				"twitter" : "",
				"available" : "fulltime",
				"location" : [],
				"location1" : "",
				"location2" : "",
				"location3" : "",
				"bio" : ""
			},
			{
				"id" : "i15-ByoncaHonaker",
				"name" : "Byonca Honaker",
				"headshot" : "img/ivory/ivory_byonca.jpg",
				"headshot_funny" : "img/ivory/ivory_byonca_funny.jpg",
				"cohort" : "ivory",
				"skills" : [],
				"skill1" : "",
				"skill2" : "",
				"portfolio" : "",
				"linkedin" : "",
				"twitter" : "",
				"available" : "fulltime",
				"location" : [],
				"location1" : "",
				"location2" : "",
				"location3" : "",
				"bio" : ""
			},
			{
				"id" : "i15-CourtneyLeonard",
				"name" : "Courtney Leonard",
				"headshot" : "img/ivory/ivory_courtney.jpg",
				"headshot_funny" : "img/ivory/ivory_courtney_funny.jpg",
				"cohort" : "ivory",
				"skills" : [],
				"skill1" : "",
				"skill2" : "",
				"portfolio" : "",
				"linkedin" : "",
				"twitter" : "",
				"available" : "fulltime",
				"location" : [],
				"location1" : "",
				"location2" : "",
				"location3" : "",
				"bio" : ""
			},
			{
				"id" : "i15-LanNguyen",
				"name" : "Lan Nguyen",
				"headshot" : "img/ivory/ivory_lan.jpg",
				"headshot_funny" : "img/ivory/ivory_lan_funny.jpg",
				"cohort" : "ivory",
				"skills" : [],
				"skill1" : "",
				"skill2" : "",
				"portfolio" : "",
				"linkedin" : "",
				"twitter" : "",
				"available" : "fulltime",
				"location" : [],
				"location1" : "",
				"location2" : "",
				"location3" : "",
				"bio" : ""
			},
			{
				"id" : "i15-MannyDominguez",
				"name" : "Manny Dominguez",
				"headshot" : "img/ivory/ivory_manny.jpg",
				"headshot_funny" : "img/ivory/ivory_manny_funny.jpg",
				"cohort" : "ivory",
				"skills" : [],
				"skill1" : "",
				"skill2" : "",
				"portfolio" : "",
				"linkedin" : "",
				"twitter" : "",
				"available" : "fulltime",
				"location" : [],
				"location1" : "",
				"location2" : "",
				"location3" : "",
				"bio" : ""
			},
			{
				"id" : "i15-MaryLee",
				"name" : "Mary Lee",
				"headshot" : "img/ivory/ivory_mary.jpg",
				"headshot_funny" : "img/ivory/ivory_mary_funny.jpg",
				"cohort" : "ivory",
				"skills" : [],
				"skill1" : "",
				"skill2" : "",
				"portfolio" : "",
				"linkedin" : "",
				"twitter" : "",
				"available" : "fulltime",
				"location" : [],
				"location1" : "",
				"location2" : "",
				"location3" : "",
				"bio" : ""
			},
			{
				"id" : "i15-MeganMueller",
				"name" : "Megan Mueller",
				"headshot" : "img/ivory/ivory_megan.jpg",
				"headshot_funny" : "img/ivory/ivory_megan_funny.jpg",
				"cohort" : "ivory",
				"skills" : [],
				"skill1" : "",
				"skill2" : "",
				"portfolio" : "",
				"linkedin" : "",
				"twitter" : "",
				"available" : "fulltime",
				"location" : [],
				"location1" : "",
				"location2" : "",
				"location3" : "",
				"bio" : ""
			},
			{
				"id" : "i15-MelodyChou",
				"name" : "Melody Chou",
				"headshot" : "img/ivory/ivory_melody.jpg",
				"headshot_funny" : "img/ivory/ivory_melody_funny.jpg",
				"cohort" : "ivory",
				"skills" : [],
				"skill1" : "",
				"skill2" : "",
				"portfolio" : "",
				"linkedin" : "",
				"twitter" : "",
				"available" : "fulltime",
				"location" : [],
				"location1" : "",
				"location2" : "",
				"location3" : "",
				"bio" : ""
			},
			{
				"id" : "i15-PaigeSaez",
				"name" : "Paige Saez",
				"headshot" : "img/ivory/ivory_paige.jpg",
				"headshot_funny" : "img/ivory/ivory_paige_funny.jpg",
				"cohort" : "ivory",
				"skills" : [],
				"skill1" : "",
				"skill2" : "",
				"portfolio" : "",
				"linkedin" : "",
				"twitter" : "",
				"available" : "fulltime",
				"location" : [],
				"location1" : "",
				"location2" : "",
				"location3" : "",
				"bio" : ""
			},
			{
				"id" : "i15-RyanZawacki",
				"name" : "Ryan Zawacki",
				"headshot" : "img/ivory/ivory_ryan.jpg",
				"headshot_funny" : "img/ivory/ivory_ryan_funny.jpg",
				"cohort" : "ivory",
				"skills" : [],
				"skill1" : "",
				"skill2" : "",
				"portfolio" : "",
				"linkedin" : "",
				"twitter" : "",
				"available" : "fulltime",
				"location" : [],
				"location1" : "",
				"location2" : "",
				"location3" : "",
				"bio" : ""
			},
			{
				"id" : "i15-SarahFrazier",
				"name" : "Sarah Frazier",
				"headshot" : "img/ivory/ivory_sarah.jpg",
				"headshot_funny" : "img/ivory/ivory_sarah_funny.jpg",
				"cohort" : "ivory",
				"skills" : [],
				"skill1" : "",
				"skill2" : "",
				"portfolio" : "",
				"linkedin" : "",
				"twitter" : "",
				"available" : "fulltime",
				"location" : [],
				"location1" : "",
				"location2" : "",
				"location3" : "",
				"bio" : ""
			}
		]
	},
	{
		"year" : "2015",
		"cohort" : "hazel",
		"logo" : "img/logos/hazel.jpg",
		"students" : [
			{
				"id" : "h15-SaraLegg",
				"name" : "Sara Legg",
				"headshot" : "img/hazel/hazel_sara.jpg",
				"headshot_funny" : "img/hazel/hazel_sara_funny.jpg",
				"cohort" : "hazel",
				"skills" : ["ux", "ui"],
				"skill1" : "ux",
				"skill2" : "ui",
				"portfolio" : "saralegg.com",
				"linkedin" : "linkedin.com/in/saralegg",
				"twitter" : "h0neyspider",
				"available" : "fulltime",
				"location" : ["Chicago, IL"],
				"location1" : "ChicagoIL",
				"bio" : "Sara is a UX designer and ethnographer who uncovers insights with a co-creative and empathic approach. She's interested in understanding how meaning is created and reproduced in digital and service experiences in order to drive innovation."
			},
			{
				"id" : "h15-EricShivvers",
				"name" : "Eric Shivvers",
				"headshot" : "img/hazel/hazel_eric.jpg",
				"headshot_funny" : "img/hazel/hazel_eric_funny.jpg",
				"cohort" : "hazel",
				"skills" : ["ui"],
				"skill1" : "ui",
				"portfolio" : "shivvers.design",
				"linkedin" : "N/A",
				"twitter" : "N/A",
				"available" : "fulltime",
				"location" : ["Chicago, IL"],
				"location1" : "ChicagoIL",
				"bio" : "Eric Shivvers is a digital designer who is currently working at Blue Chip Marketing Worldwide."
			},
			{
				"id" : "h15-ZoeSlutzky",
				"name" : "Zoe Slutzky",
				"headshot" : "img/hazel/hazel_zoe.jpg",
				"headshot_funny" : "img/hazel/hazel_zoe_funny.jpg",
				"cohort" : "hazel",
				"skills" : ["ui"],
				"skill1" : "ui",
				"portfolio" : "zoeslutzky.com",
				"linkedin" : "linkedin.com/in/zoeslutzky",
				"twitter" : "zoiitsia",
				"available" : "fulltime",
				"location" : ["Chicago, IL"],
				"location1" : "ChicagoIL",
				"bio" : ""
			},
			{
				"id" : "h15-AmyTon",
				"name" : "Amy Ton",
				"headshot" : "img/hazel/hazel_amy.jpg",
				"headshot_funny" : "img/hazel/hazel_amy_funny.jpg",
				"cohort" : "hazel",
				"skills" : ["ux", "ui"],
				"skill1" : "ux",
				"skill2" : "ui",
				"portfolio" : "amyton.io",
				"linkedin" : "linkedin.com/in/amyton",
				"twitter" : "heyamyton",
				"available" : "fulltime",
				"location" : ["Los Angeles, CA"],
				"location1" : "LosAngelesCA",
				"bio" : "Sara is a UX designer and ethnographer who uncovers insights with a co-creative and empathic approach. She's interested in understanding how meaning is created and reproduced in digital and service experiences in order to drive innovation."
			}, 
			{
				"id" : "h15-AmandaSamy",
				"name" : "Amanda Samy",
				"headshot" : "img/hazel/hazel_amanda.jpg",
				"headshot_funny" : "img/hazel/hazel_amanda_funny.jpg",
				"cohort" : "hazel",
				"skills" : [],
				"skill1" : "",
				"skill2" : "",
				"portfolio" : "",
				"linkedin" : "",
				"twitter" : "",
				"available" : "fulltime",
				"location" : [],
				"location1" : "",
				"bio" : ""
			},
			{
				"id" : "h15-BrianVogel",
				"name" : "Brian Vogel",
				"headshot" : "img/hazel/hazel_brian.jpg",
				"headshot_funny" : "img/hazel/hazel_brian_funny.jpg",
				"cohort" : "hazel",
				"skills" : [],
				"skill1" : "",
				"skill2" : "",
				"portfolio" : "",
				"linkedin" : "",
				"twitter" : "",
				"available" : "fulltime",
				"location" : [],
				"location1" : "",
				"bio" : ""
			},
			{
				"id" : "h15-CathyLynk",
				"name" : "Cathy Lynk",
				"headshot" : "img/hazel/hazel_cathy.jpg",
				"headshot_funny" : "img/hazel/hazel_cathy_funny.jpg",
				"cohort" : "hazel",
				"skills" : [],
				"skill1" : "",
				"skill2" : "",
				"portfolio" : "",
				"linkedin" : "",
				"twitter" : "",
				"available" : "fulltime",
				"location" : [],
				"location1" : "",
				"bio" : ""
			},
			{
				"id" : "h15-CourtneyBogus",
				"name" : "Courtney Bogus",
				"headshot" : "img/hazel/hazel_courtney.jpg",
				"headshot_funny" : "img/hazel/hazel_courtney_funny.jpg",
				"cohort" : "hazel",
				"skills" : [],
				"skill1" : "",
				"skill2" : "",
				"portfolio" : "",
				"linkedin" : "",
				"twitter" : "",
				"available" : "fulltime",
				"location" : [],
				"location1" : "",
				"bio" : ""
			},
			{
				"id" : "h15-EvaSimon",
				"name" : "Eva Simon",
				"headshot" : "img/hazel/hazel_eva.jpg",
				"headshot_funny" : "img/hazel/hazel_eva_funny.jpg",
				"cohort" : "hazel",
				"skills" : [],
				"skill1" : "",
				"skill2" : "",
				"portfolio" : "",
				"linkedin" : "",
				"twitter" : "",
				"available" : "fulltime",
				"location" : [],
				"location1" : "",
				"bio" : ""
			},
			{
				"id" : "h15-LindsayYuen",
				"name" : "Lindsay Yuen",
				"headshot" : "img/hazel/hazel_lindsay.jpg",
				"headshot_funny" : "img/hazel/hazel_lindsay_funny.jpg",
				"cohort" : "hazel",
				"skills" : [],
				"skill1" : "",
				"skill2" : "",
				"portfolio" : "",
				"linkedin" : "",
				"twitter" : "",
				"available" : "fulltime",
				"location" : [],
				"location1" : "",
				"bio" : ""
			},
			{
				"id" : "h15-MaryBethStanton",
				"name" : "Mary Beth Stanton",
				"headshot" : "img/hazel/hazel_mb.jpg",
				"headshot_funny" : "img/hazel/hazel_mb_funny.jpg",
				"cohort" : "hazel",
				"skills" : [],
				"skill1" : "",
				"skill2" : "",
				"portfolio" : "",
				"linkedin" : "",
				"twitter" : "",
				"available" : "fulltime",
				"location" : [],
				"location1" : "",
				"bio" : ""
			}

		]
	},
	{
		"year" : "2015",
		"cohort" : "gold",
		"logo" : "img/logos/gold.jpg",
		"students" : [
			{
				"id" : "g15-AdamBlack",
				"name" : "Adam Black",
				"headshot" : "img/gold/gold_adam.jpg",
				"headshot_funny" : "img/gold/gold_adam_funny.jpg",
				"cohort" : "gold",
				"skills" : [],
				"skill1" : "",
				"skill2" : "",
				"portfolio" : "",
				"linkedin" : "",
				"twitter" : "",
				"available" : "fulltime",
				"location" : [],
				"location1" : "",
				"location2" : "",
				"location3" : "",
				"bio" : ""
			},
			{
				"id" : "g15-AlvaroMoscoso",
				"name" : "Alvaro Moscoso",
				"headshot" : "img/gold/gold_alvaro.jpg",
				"headshot_funny" : "img/gold/gold_alvaro_funny.jpg",
				"cohort" : "gold",
				"skills" : [],
				"skill1" : "",
				"skill2" : "",
				"portfolio" : "",
				"linkedin" : "",
				"twitter" : "",
				"available" : "fulltime",
				"location" : [],
				"location1" : "",
				"location2" : "",
				"location3" : "",
				"bio" : ""
			},
			{
				"id" : "g15-CharlesHu",
				"name" : "Charles Hu",
				"headshot" : "img/gold/gold_charles.jpg",
				"headshot_funny" : "img/gold/gold_charles_funny.jpg",
				"cohort" : "gold",
				"skills" : [],
				"skill1" : "",
				"skill2" : "",
				"portfolio" : "",
				"linkedin" : "",
				"twitter" : "",
				"available" : "fulltime",
				"location" : [],
				"location1" : "",
				"location2" : "",
				"location3" : "",
				"bio" : ""
			},
			{
				"id" : "g15-ErinChartier",
				"name" : "Erin Chartier",
				"headshot" : "img/gold/gold_erin.jpg",
				"headshot_funny" : "img/gold/gold_erin_funny.jpg",
				"cohort" : "gold",
				"skills" : [],
				"skill1" : "",
				"skill2" : "",
				"portfolio" : "",
				"linkedin" : "",
				"twitter" : "",
				"available" : "fulltime",
				"location" : [],
				"location1" : "",
				"location2" : "",
				"location3" : "",
				"bio" : ""
			},
			{
				"id" : "g15-jenelleHuddleston",
				"name" : "Jenelle Huddleston",
				"headshot" : "img/gold/gold_jenelle.jpg",
				"headshot_funny" : "img/gold/gold_jenelle_funny.jpg",
				"cohort" : "gold",
				"skills" : [],
				"skill1" : "",
				"skill2" : "",
				"portfolio" : "",
				"linkedin" : "",
				"twitter" : "",
				"available" : "fulltime",
				"location" : [],
				"location1" : "",
				"location2" : "",
				"location3" : "",
				"bio" : ""
			},
			{
				"id" : "g15-MaggieHunsaker",
				"name" : "Maggie Hunsaker",
				"headshot" : "img/gold/gold_maggie.jpg",
				"headshot_funny" : "img/gold/gold_maggie_funny.jpg",
				"cohort" : "gold",
				"skills" : [],
				"skill1" : "",
				"skill2" : "",
				"portfolio" : "",
				"linkedin" : "",
				"twitter" : "",
				"available" : "fulltime",
				"location" : [],
				"location1" : "",
				"location2" : "",
				"location3" : "",
				"bio" : ""
			},
			{
				"id" : "g15-NeelyKartha",
				"name" : "Neely Kartha",
				"headshot" : "img/gold/gold_neely.jpg",
				"headshot_funny" : "img/gold/gold_neely_funny.jpg",
				"cohort" : "gold",
				"skills" : [],
				"skill1" : "",
				"skill2" : "",
				"portfolio" : "",
				"linkedin" : "",
				"twitter" : "",
				"available" : "fulltime",
				"location" : [],
				"location1" : "",
				"location2" : "",
				"location3" : "",
				"bio" : ""
			},
			{
				"id" : "g15-SarahJerger",
				"name" : "Sarah Jerger",
				"headshot" : "img/gold/gold_sarah.jpg",
				"headshot_funny" : "img/gold/gold_sarah_funny.jpg",
				"cohort" : "gold",
				"skills" : [],
				"skill1" : "",
				"skill2" : "",
				"portfolio" : "",
				"linkedin" : "",
				"twitter" : "",
				"available" : "fulltime",
				"location" : [],
				"location1" : "",
				"location2" : "",
				"location3" : "",
				"bio" : ""
			}

		]
	},
	{
		"year" : "2015",
		"cohort" : "fire",
		"logo" : "img/logos/fire.jpg",
		"students" : [
			{
				"id" : "f15-BrandonKing",
				"name" : "Brandon King",
				"headshot" : "img/fire/fire_brandon.jpg",
				"headshot_funny" : "img/fire/fire_brandon_funny.jpg",
				"cohort" : "fire",
				"skills" : [],
				"skill1" : "",
				"skill2" : "",
				"portfolio" : "",
				"linkedin" : "",
				"twitter" : "",
				"available" : "fulltime",
				"location" : [],
				"location1" : "",
				"location2" : "",
				"location3" : "",
				"bio" : ""
			},
			{
				"id" : "f15-DaneBurkland",
				"name" : "Dane Burkland",
				"headshot" : "img/fire/fire_dane.jpg",
				"headshot_funny" : "img/fire/fire_dane_funny.jpg",
				"cohort" : "fire",
				"skills" : [],
				"skill1" : "",
				"skill2" : "",
				"portfolio" : "",
				"linkedin" : "",
				"twitter" : "",
				"available" : "fulltime",
				"location" : [],
				"location1" : "",
				"location2" : "",
				"location3" : "",
				"bio" : ""
			},
			{
				"id" : "f15-DerekHaworth",
				"name" : "Derek Haworth",
				"headshot" : "img/fire/fire_derek.jpg",
				"headshot_funny" : "img/fire/fire_derek_funny.jpg",
				"cohort" : "fire",
				"skills" : [],
				"skill1" : "",
				"skill2" : "",
				"portfolio" : "",
				"linkedin" : "",
				"twitter" : "",
				"available" : "fulltime",
				"location" : [],
				"location1" : "",
				"location2" : "",
				"location3" : "",
				"bio" : ""
			},
			{
				"id" : "f15-KimLagesse",
				"name" : "Kim Lagesse",
				"headshot" : "img/fire/fire_kim.jpg",
				"headshot_funny" : "img/fire/fire_kim_funny.jpg",
				"cohort" : "fire",
				"skills" : [],
				"skill1" : "",
				"skill2" : "",
				"portfolio" : "",
				"linkedin" : "",
				"twitter" : "",
				"available" : "fulltime",
				"location" : [],
				"location1" : "",
				"location2" : "",
				"location3" : "",
				"bio" : ""
			},
			{
				"id" : "f15-LaurenBorucki",
				"name" : "Lauren Borucki",
				"headshot" : "img/fire/fire_lauren.jpg",
				"headshot_funny" : "img/fire/fire_lauren_funny.jpg",
				"cohort" : "fire",
				"skills" : [],
				"skill1" : "",
				"skill2" : "",
				"portfolio" : "",
				"linkedin" : "",
				"twitter" : "",
				"available" : "fulltime",
				"location" : [],
				"location1" : "",
				"location2" : "",
				"location3" : "",
				"bio" : ""
			},
			{
				"id" : "f15-MylaFay",
				"name" : "Myla Fay",
				"headshot" : "img/fire/fire_myla.jpg",
				"headshot_funny" : "img/fire/fire_myla_funny.jpg",
				"cohort" : "fire",
				"skills" : [],
				"skill1" : "",
				"skill2" : "",
				"portfolio" : "",
				"linkedin" : "",
				"twitter" : "",
				"available" : "fulltime",
				"location" : [],
				"location1" : "",
				"location2" : "",
				"location3" : "",
				"bio" : ""
			},
			{
				"id" : "f15-RachelLee",
				"name" : "Rachel Lee",
				"headshot" : "img/fire/fire_rachel.jpg",
				"headshot_funny" : "img/fire/fire_rachel_funny.jpg",
				"cohort" : "fire",
				"skills" : [],
				"skill1" : "",
				"skill2" : "",
				"portfolio" : "",
				"linkedin" : "",
				"twitter" : "",
				"available" : "fulltime",
				"location" : [],
				"location1" : "",
				"location2" : "",
				"location3" : "",
				"bio" : ""
			},
			{
				"id" : "f15-SafinaLavji",
				"name" : "Safina Lavji",
				"headshot" : "img/fire/fire_safina.jpg",
				"headshot_funny" : "img/fire/fire_safina_funny.jpg",
				"cohort" : "fire",
				"skills" : [],
				"skill1" : "",
				"skill2" : "",
				"portfolio" : "",
				"linkedin" : "",
				"twitter" : "",
				"available" : "fulltime",
				"location" : [],
				"location1" : "",
				"location2" : "",
				"location3" : "",
				"bio" : ""
			},
			{
				"id" : "f15-TaylorDohmeier",
				"name" : "Taylor Dohmeier",
				"headshot" : "img/fire/fire_taylord.jpg",
				"headshot_funny" : "img/fire/fire_taylord_funny.jpg",
				"cohort" : "fire",
				"skills" : [],
				"skill1" : "",
				"skill2" : "",
				"portfolio" : "",
				"linkedin" : "",
				"twitter" : "",
				"available" : "fulltime",
				"location" : [],
				"location1" : "",
				"location2" : "",
				"location3" : "",
				"bio" : ""
			},
			{
				"id" : "f15-TaylorKopf",
				"name" : "Taylor Kopf",
				"headshot" : "img/fire/fire_taylork.jpg",
				"headshot_funny" : "img/fire/fire_taylork_funny.jpg",
				"cohort" : "fire",
				"skills" : [],
				"skill1" : "",
				"skill2" : "",
				"portfolio" : "",
				"linkedin" : "",
				"twitter" : "",
				"available" : "fulltime",
				"location" : [],
				"location1" : "",
				"location2" : "",
				"location3" : "",
				"bio" : ""
			},
			{
				"id" : "f15-WolframRong",
				"name" : "Wolfram Rong",
				"headshot" : "img/fire/fire_wolfram.jpg",
				"headshot_funny" : "img/fire/fire_wolfram_funny.jpg",
				"cohort" : "fire",
				"skills" : [],
				"skill1" : "",
				"skill2" : "",
				"portfolio" : "",
				"linkedin" : "",
				"twitter" : "",
				"available" : "fulltime",
				"location" : [],
				"location1" : "",
				"location2" : "",
				"location3" : "",
				"bio" : ""
			}
		]
	},
	{
		"year" : "2015",
		"cohort" : "emerald",
		"logo" : "img/logos/emerald.jpg",
		"students" : [
			{
				"id" : "e15-AfroreGjergjizi",
				"name" : "Afrore Gjergjizi",
				"headshot" : "img/emerald/emerald_afrore.jpg",
				"headshot_funny" : "img/emerald/emerald_afrore_funny.jpg",
				"cohort" : "emerald",
				"skills" : [],
				"skill1" : "",
				"skill2" : "",
				"portfolio" : "",
				"linkedin" : "",
				"twitter" : "",
				"available" : "fulltime",
				"location" : [],
				"location1" : "",
				"location2" : "",
				"location3" : "",
				"bio" : ""
			},
			{
				"id" : "e15-AlexSimmon",
				"name" : "Alex Simmon",
				"headshot" : "img/emerald/emerald_alex.jpg",
				"headshot_funny" : "img/emerald/emerald_alex_funny.jpg",
				"cohort" : "emerald",
				"skills" : [],
				"skill1" : "",
				"skill2" : "",
				"portfolio" : "",
				"linkedin" : "",
				"twitter" : "",
				"available" : "fulltime",
				"location" : [],
				"location1" : "",
				"location2" : "",
				"location3" : "",
				"bio" : ""
			},
			{
				"id" : "e15-Chase",
				"name" : "Chase",
				"headshot" : "img/emerald/emerald_chase.jpg",
				"headshot_funny" : "img/emerald/emerald_chase_funny.jpg",
				"cohort" : "emerald",
				"skills" : [],
				"skill1" : "",
				"skill2" : "",
				"portfolio" : "",
				"linkedin" : "",
				"twitter" : "",
				"available" : "fulltime",
				"location" : [],
				"location1" : "",
				"location2" : "",
				"location3" : "",
				"bio" : ""
			},
			{
				"id" : "e15-DeanaGreenfield",
				"name" : "Deana Greenfield",
				"headshot" : "img/emerald/emerald_deana.jpg",
				"headshot_funny" : "img/emerald/emerald_deana_funny.jpg",
				"cohort" : "emerald",
				"skills" : [],
				"skill1" : "",
				"skill2" : "",
				"portfolio" : "",
				"linkedin" : "",
				"twitter" : "",
				"available" : "fulltime",
				"location" : [],
				"location1" : "",
				"location2" : "",
				"location3" : "",
				"bio" : ""
			},
			{
				"id" : "e15-DonteBuckmire",
				"name" : "Donte Buckmire",
				"headshot" : "img/emerald/emerald_donte.jpg",
				"headshot_funny" : "img/emerald/emerald_donte_funny.jpg",
				"cohort" : "emerald",
				"skills" : [],
				"skill1" : "",
				"skill2" : "",
				"portfolio" : "",
				"linkedin" : "",
				"twitter" : "",
				"available" : "fulltime",
				"location" : [],
				"location1" : "",
				"location2" : "",
				"location3" : "",
				"bio" : ""
			},
			{
				"id" : "e15-EddieRussell",
				"name" : "Eddie Russell",
				"headshot" : "img/emerald/emerald_eddie.jpg",
				"headshot_funny" : "img/emerald/emerald_eddie_funny.jpg",
				"cohort" : "emerald",
				"skills" : [],
				"skill1" : "",
				"skill2" : "",
				"portfolio" : "",
				"linkedin" : "",
				"twitter" : "",
				"available" : "fulltime",
				"location" : [],
				"location1" : "",
				"location2" : "",
				"location3" : "",
				"bio" : ""
			},
			{
				"id" : "e15-FahmidaAzad",
				"name" : "Fahmida Azad",
				"headshot" : "img/emerald/emerald_fahmida.jpg",
				"headshot_funny" : "img/emerald/emerald_fahmida_funny.jpg",
				"cohort" : "emerald",
				"skills" : [],
				"skill1" : "",
				"skill2" : "",
				"portfolio" : "",
				"linkedin" : "",
				"twitter" : "",
				"available" : "fulltime",
				"location" : [],
				"location1" : "",
				"location2" : "",
				"location3" : "",
				"bio" : ""
			},
			{
				"id" : "e15-KevinYoung",
				"name" : "Kevin Young",
				"headshot" : "img/emerald/emerald_kevin.jpg",
				"headshot_funny" : "img/emerald/emerald_kevin_funny.jpg",
				"cohort" : "emerald",
				"skills" : [],
				"skill1" : "",
				"skill2" : "",
				"portfolio" : "",
				"linkedin" : "",
				"twitter" : "",
				"available" : "fulltime",
				"location" : [],
				"location1" : "",
				"location2" : "",
				"location3" : "",
				"bio" : ""
			},
			{
				"id" : "e15-LaurelPetty",
				"name" : "Laurel Petty",
				"headshot" : "img/emerald/emerald_laurel.jpg",
				"headshot_funny" : "img/emerald/emerald_laurel_funny.jpg",
				"cohort" : "emerald",
				"skills" : [],
				"skill1" : "",
				"skill2" : "",
				"portfolio" : "",
				"linkedin" : "",
				"twitter" : "",
				"available" : "fulltime",
				"location" : [],
				"location1" : "",
				"location2" : "",
				"location3" : "",
				"bio" : ""
			},
			{
				"id" : "e15-MalikaChatlapalli",
				"name" : "Malika Chatlapalli",
				"headshot" : "img/emerald/emerald_malika.jpg",
				"headshot_funny" : "img/emerald/emerald_malika_funny.jpg",
				"cohort" : "emerald",
				"skills" : [],
				"skill1" : "",
				"skill2" : "",
				"portfolio" : "",
				"linkedin" : "",
				"twitter" : "",
				"available" : "fulltime",
				"location" : [],
				"location1" : "",
				"location2" : "",
				"location3" : "",
				"bio" : ""
			},
			{
				"id" : "e15-RayLiu",
				"name" : "Ray Liu",
				"headshot" : "img/emerald/emerald_ray.jpg",
				"headshot_funny" : "img/emerald/emerald_ray_funny.jpg",
				"cohort" : "emerald",
				"skills" : [],
				"skill1" : "",
				"skill2" : "",
				"portfolio" : "",
				"linkedin" : "",
				"twitter" : "",
				"available" : "fulltime",
				"location" : [],
				"location1" : "",
				"location2" : "",
				"location3" : "",
				"bio" : ""
			},
			{
				"id" : "e15-SergioPadilla",
				"name" : "Sergio Padilla",
				"headshot" : "img/emerald/emerald_sergio.jpg",
				"headshot_funny" : "img/emerald/emerald_sergio_funny.jpg",
				"cohort" : "emerald",
				"skills" : [],
				"skill1" : "",
				"skill2" : "",
				"portfolio" : "",
				"linkedin" : "",
				"twitter" : "",
				"available" : "fulltime",
				"location" : [],
				"location1" : "",
				"location2" : "",
				"location3" : "",
				"bio" : ""
			}
		]
	},
	{
		"year" : "2015",
		"cohort" : "diamond",
		"logo" : "img/logos/diamond.jpg",
		"students" : [
			{
				"id" : "d15-AdrianCarpintero",
				"name" : "Adrian Carpintero",
				"headshot" : "img/diamond/diamond_adrian.jpg",
				"headshot_funny" : "img/diamond/diamond_adrian_funny.jpg",
				"cohort" : "diamond",
				"skills" : [],
				"skill1" : "",
				"skill2" : "",
				"portfolio" : "",
				"linkedin" : "",
				"twitter" : "",
				"available" : "fulltime",
				"location" : [],
				"location1" : "",
				"location2" : "",
				"location3" : "",
				"bio" : ""
			},
			{
				"id" : "d15-AndyRizzuto",
				"name" : "Andy Rizzuto",
				"headshot" : "img/diamond/diamond_andy.jpg",
				"headshot_funny" : "img/diamond/diamond_andy_funny.jpg",
				"cohort" : "diamond",
				"skills" : [],
				"skill1" : "",
				"skill2" : "",
				"portfolio" : "",
				"linkedin" : "",
				"twitter" : "",
				"available" : "fulltime",
				"location" : [],
				"location1" : "",
				"location2" : "",
				"location3" : "",
				"bio" : ""
			},
			{
				"id" : "d15-AngieH",
				"name" : "Angie H",
				"headshot" : "img/diamond/diamond_angieh.jpg",
				"headshot_funny" : "img/diamond/diamond_angieh_funny.jpg",
				"cohort" : "diamond",
				"skills" : [],
				"skill1" : "",
				"skill2" : "",
				"portfolio" : "",
				"linkedin" : "",
				"twitter" : "",
				"available" : "fulltime",
				"location" : [],
				"location1" : "",
				"location2" : "",
				"location3" : "",
				"bio" : ""
			},
			{
				"id" : "d15-AngieMa",
				"name" : "Angie Ma",
				"headshot" : "img/diamond/diamond_angiem.jpg",
				"headshot_funny" : "img/diamond/diamond_angiem_funny.jpg",
				"cohort" : "diamond",
				"skills" : [],
				"skill1" : "",
				"skill2" : "",
				"portfolio" : "",
				"linkedin" : "",
				"twitter" : "",
				"available" : "fulltime",
				"location" : [],
				"location1" : "",
				"location2" : "",
				"location3" : "",
				"bio" : ""
			},
			{
				"id" : "d15-DeanaRutherford",
				"name" : "Deana Rutherford",
				"headshot" : "img/diamond/diamond_deana.jpg",
				"headshot_funny" : "img/diamond/diamond_deana_funny.jpg",
				"cohort" : "diamond",
				"skills" : [],
				"skill1" : "",
				"skill2" : "",
				"portfolio" : "",
				"linkedin" : "",
				"twitter" : "",
				"available" : "fulltime",
				"location" : [],
				"location1" : "",
				"location2" : "",
				"location3" : "",
				"bio" : ""
			},
			{
				"id" : "d15-Dushan",
				"name" : "Dushan",
				"headshot" : "img/diamond/diamond_dushan.jpg",
				"headshot_funny" : "img/diamond/diamond_dushan_funny.jpg",
				"cohort" : "diamond",
				"skills" : [],
				"skill1" : "",
				"skill2" : "",
				"portfolio" : "",
				"linkedin" : "",
				"twitter" : "",
				"available" : "fulltime",
				"location" : [],
				"location1" : "",
				"location2" : "",
				"location3" : "",
				"bio" : ""
			},
			{
				"id" : "d15-JohnBuckley",
				"name" : "John Buckley",
				"headshot" : "img/diamond/diamond_john.jpg",
				"headshot_funny" : "img/diamond/diamond_john_funny.jpg",
				"cohort" : "diamond",
				"skills" : [],
				"skill1" : "",
				"skill2" : "",
				"portfolio" : "",
				"linkedin" : "",
				"twitter" : "",
				"available" : "fulltime",
				"location" : [],
				"location1" : "",
				"location2" : "",
				"location3" : "",
				"bio" : ""
			},
			{
				"id" : "d15-JoshuaRobinson",
				"name" : "Joshua Robinson",
				"headshot" : "img/diamond/diamond_joshua.jpg",
				"headshot_funny" : "img/diamond/diamond_joshua_funny.jpg",
				"cohort" : "diamond",
				"skills" : [],
				"skill1" : "",
				"skill2" : "",
				"portfolio" : "",
				"linkedin" : "",
				"twitter" : "",
				"available" : "fulltime",
				"location" : [],
				"location1" : "",
				"location2" : "",
				"location3" : "",
				"bio" : ""
			},
			{
				"id" : "d15-MichaelYom",
				"name" : "Michael Yom",
				"headshot" : "img/diamond/diamond_michael.jpg",
				"headshot_funny" : "img/diamond/diamond_michael_funny.jpg",
				"cohort" : "diamond",
				"skills" : [],
				"skill1" : "",
				"skill2" : "",
				"portfolio" : "",
				"linkedin" : "",
				"twitter" : "",
				"available" : "fulltime",
				"location" : [],
				"location1" : "",
				"location2" : "",
				"location3" : "",
				"bio" : ""
			},
			{
				"id" : "d15-NoraBenson",
				"name" : "Nora Benson",
				"headshot" : "img/diamond/diamond_nora.jpg",
				"headshot_funny" : "img/diamond/diamond_nora_funny.jpg",
				"cohort" : "diamond",
				"skills" : [],
				"skill1" : "",
				"skill2" : "",
				"portfolio" : "",
				"linkedin" : "",
				"twitter" : "",
				"available" : "fulltime",
				"location" : [],
				"location1" : "",
				"location2" : "",
				"location3" : "",
				"bio" : ""
			},
			{
				"id" : "d15-TiffanyYang",
				"name" : "Tiffany Yang",
				"headshot" : "img/diamond/diamond_tiffany.jpg",
				"headshot_funny" : "img/diamond/diamond_tiffany_funny.jpg",
				"cohort" : "diamond",
				"skills" : [],
				"skill1" : "",
				"skill2" : "",
				"portfolio" : "",
				"linkedin" : "",
				"twitter" : "",
				"available" : "fulltime",
				"location" : [],
				"location1" : "",
				"location2" : "",
				"location3" : "",
				"bio" : ""
			},
			{
				"id" : "d15-ZoeSinner",
				"name" : "Zoe Sinner",
				"headshot" : "img/diamond/diamond_zoe.jpg",
				"headshot_funny" : "img/diamond/diamond_zoe_funny.jpg",
				"cohort" : "diamond",
				"skills" : [],
				"skill1" : "",
				"skill2" : "",
				"portfolio" : "",
				"linkedin" : "",
				"twitter" : "",
				"available" : "fulltime",
				"location" : [],
				"location1" : "",
				"location2" : "",
				"location3" : "",
				"bio" : ""
			}

		]
	},
	{
		"year" : "2014",
		"cohort" : "celadon",
		"logo" : "img/logos/celadon.jpg",
		"students" : [
			{
				"id" : "c14-AbiKoh",
				"name" : "Abi Koh",
				"headshot" : "img/celadon/celadon_abi.jpg",
				"headshot_funny" : "img/celadon/celadon_abi_funny.jpg",
				"cohort" : "celadon",
				"skills" : [],
				"skill1" : "",
				"skill2" : "",
				"portfolio" : "",
				"linkedin" : "",
				"twitter" : "",
				"available" : "fulltime",
				"location" : [],
				"location1" : "",
				"location2" : "",
				"location3" : "",
				"bio" : ""
			},
			{
				"id" : "c14-AngelinaCole",
				"name" : "Angelina Cole",
				"headshot" : "img/celadon/celadon_angelina.jpg",
				"headshot_funny" : "img/celadon/celadon_angelina_funny.jpg",
				"cohort" : "celadon",
				"skills" : [],
				"skill1" : "",
				"skill2" : "",
				"portfolio" : "",
				"linkedin" : "",
				"twitter" : "",
				"available" : "fulltime",
				"location" : [],
				"location1" : "",
				"location2" : "",
				"location3" : "",
				"bio" : ""
			},
			{
				"id" : "c14-Beth",
				"name" : "Beth",
				"headshot" : "img/celadon/celadon_beth.jpg",
				"headshot_funny" : "img/celadon/celadon_beth_funny.jpg",
				"cohort" : "celadon",
				"skills" : [],
				"skill1" : "",
				"skill2" : "",
				"portfolio" : "",
				"linkedin" : "",
				"twitter" : "",
				"available" : "fulltime",
				"location" : [],
				"location1" : "",
				"location2" : "",
				"location3" : "",
				"bio" : ""
			},
			{
				"id" : "c14-Cezar",
				"name" : "Cezar",
				"headshot" : "img/celadon/celadon_cezar.jpg",
				"headshot_funny" : "img/celadon/celadon_cezar_funny.jpg",
				"cohort" : "celadon",
				"skills" : [],
				"skill1" : "",
				"skill2" : "",
				"portfolio" : "",
				"linkedin" : "",
				"twitter" : "",
				"available" : "fulltime",
				"location" : [],
				"location1" : "",
				"location2" : "",
				"location3" : "",
				"bio" : ""
			},
			{
				"id" : "c14-ChrisRodriguez",
				"name" : "Chris Rodriguez",
				"headshot" : "img/celadon/celadon_chris.jpg",
				"headshot_funny" : "img/celadon/celadon_chris_funny.jpg",
				"cohort" : "celadon",
				"skills" : [],
				"skill1" : "",
				"skill2" : "",
				"portfolio" : "",
				"linkedin" : "",
				"twitter" : "",
				"available" : "fulltime",
				"location" : [],
				"location1" : "",
				"location2" : "",
				"location3" : "",
				"bio" : ""
			},
			{
				"id" : "c14-ClarkNelson",
				"name" : "Clark Nelson",
				"headshot" : "img/celadon/celadon_clark.jpg",
				"headshot_funny" : "img/celadon/celadon_clark_funny.jpg",
				"cohort" : "celadon",
				"skills" : [],
				"skill1" : "",
				"skill2" : "",
				"portfolio" : "",
				"linkedin" : "",
				"twitter" : "",
				"available" : "fulltime",
				"location" : [],
				"location1" : "",
				"location2" : "",
				"location3" : "",
				"bio" : ""
			},
			{
				"id" : "c14-DanFair",
				"name" : "Dan Fair",
				"headshot" : "img/celadon/celadon_danf.jpg",
				"headshot_funny" : "img/celadon/celadon_danf_funny.jpg",
				"cohort" : "celadon",
				"skills" : [],
				"skill1" : "",
				"skill2" : "",
				"portfolio" : "",
				"linkedin" : "",
				"twitter" : "",
				"available" : "fulltime",
				"location" : [],
				"location1" : "",
				"location2" : "",
				"location3" : "",
				"bio" : ""
			},
			{
				"id" : "c14-DanHopewell",
				"name" : "Dan Hopewell",
				"headshot" : "img/celadon/celadon_danh.jpg",
				"headshot_funny" : "img/celadon/celadon_danh_funny.jpg",
				"cohort" : "celadon",
				"skills" : [],
				"skill1" : "",
				"skill2" : "",
				"portfolio" : "",
				"linkedin" : "",
				"twitter" : "",
				"available" : "fulltime",
				"location" : [],
				"location1" : "",
				"location2" : "",
				"location3" : "",
				"bio" : ""
			},
			{
				"id" : "c14-GlenVaci",
				"name" : "Glen Vaci",
				"headshot" : "img/celadon/celadon_glen.jpg",
				"headshot_funny" : "img/celadon/celadon_glen_funny.jpg",
				"cohort" : "celadon",
				"skills" : [],
				"skill1" : "",
				"skill2" : "",
				"portfolio" : "",
				"linkedin" : "",
				"twitter" : "",
				"available" : "fulltime",
				"location" : [],
				"location1" : "",
				"location2" : "",
				"location3" : "",
				"bio" : ""
			},
			{
				"id" : "c14-JonathanSpeh",
				"name" : "Jonathan Speh",
				"headshot" : "img/celadon/celadon_jonathan.jpg",
				"headshot_funny" : "img/celadon/celadon_jonathan_funny.jpg",
				"cohort" : "celadon",
				"skills" : [],
				"skill1" : "",
				"skill2" : "",
				"portfolio" : "",
				"linkedin" : "",
				"twitter" : "",
				"available" : "fulltime",
				"location" : [],
				"location1" : "",
				"location2" : "",
				"location3" : "",
				"bio" : ""
			},
			{
				"id" : "c14-JustinWu",
				"name" : "Justin Wu",
				"headshot" : "img/celadon/celadon_justin.jpg",
				"headshot_funny" : "img/celadon/celadon_justin_funny.jpg",
				"cohort" : "celadon",
				"skills" : [],
				"skill1" : "",
				"skill2" : "",
				"portfolio" : "",
				"linkedin" : "",
				"twitter" : "",
				"available" : "fulltime",
				"location" : [],
				"location1" : "",
				"location2" : "",
				"location3" : "",
				"bio" : ""
			},
			{
				"id" : "c14-MarcusDent",
				"name" : "Marcus Dent",
				"headshot" : "img/celadon/celadon_marcus.jpg",
				"headshot_funny" : "img/celadon/celadon_marcus_funny.jpg",
				"cohort" : "celadon",
				"skills" : [],
				"skill1" : "",
				"skill2" : "",
				"portfolio" : "",
				"linkedin" : "",
				"twitter" : "",
				"available" : "fulltime",
				"location" : [],
				"location1" : "",
				"location2" : "",
				"location3" : "",
				"bio" : ""
			},
			{
				"id" : "c14-MarenFiorelli",
				"name" : "Maren Fiorelli",
				"headshot" : "img/celadon/celadon_maren.jpg",
				"headshot_funny" : "img/celadon/celadon_maren_funny.jpg",
				"cohort" : "celadon",
				"skills" : [],
				"skill1" : "",
				"skill2" : "",
				"portfolio" : "",
				"linkedin" : "",
				"twitter" : "",
				"available" : "fulltime",
				"location" : [],
				"location1" : "",
				"location2" : "",
				"location3" : "",
				"bio" : ""
			},
			{
				"id" : "c14-MinYang",
				"name" : "Min Yang",
				"headshot" : "img/celadon/celadon_min.jpg",
				"headshot_funny" : "img/celadon/celadon_min_funny.jpg",
				"cohort" : "celadon",
				"skills" : [],
				"skill1" : "",
				"skill2" : "",
				"portfolio" : "",
				"linkedin" : "",
				"twitter" : "",
				"available" : "fulltime",
				"location" : [],
				"location1" : "",
				"location2" : "",
				"location3" : "",
				"bio" : ""
			},
			{
				"id" : "c14-NealMistry",
				"name" : "Neal Mistry",
				"headshot" : "img/celadon/celadon_neal.jpg",
				"headshot_funny" : "img/celadon/celadon_neal_funny.jpg",
				"cohort" : "celadon",
				"skills" : [],
				"skill1" : "",
				"skill2" : "",
				"portfolio" : "",
				"linkedin" : "",
				"twitter" : "",
				"available" : "fulltime",
				"location" : [],
				"location1" : "",
				"location2" : "",
				"location3" : "",
				"bio" : ""
			},
			{
				"id" : "c14-YazinAkkawi",
				"name" : "Yazin Akkawi",
				"headshot" : "img/celadon/celadon_yazin.jpg",
				"headshot_funny" : "img/celadon/celadon_yazin_funny.jpg",
				"cohort" : "celadon",
				"skills" : [],
				"skill1" : "",
				"skill2" : "",
				"portfolio" : "",
				"linkedin" : "",
				"twitter" : "",
				"available" : "fulltime",
				"location" : [],
				"location1" : "",
				"location2" : "",
				"location3" : "",
				"bio" : ""
			}
		]

	},
	{
		"year" : "2014",
		"cohort" : "bronze",
		"logo" : "img/logos/bronze.jpg",
		"students" : [

			{
				"id" : "b14-Camay",
				"name" : "Camay",
				"headshot" : "img/bronze/bronze_camay.png",
				"headshot_funny" : "",
				"cohort" : "bronze",
				"skills" : [],
				"skill1" : "",
				"skill2" : "",
				"portfolio" : "",
				"linkedin" : "",
				"twitter" : "",
				"available" : "fulltime",
				"location" : [],
				"location1" : "",
				"location2" : "",
				"location3" : "",
				"bio" : ""
			},
			{
				"id" : "b14-Eduardo",
				"name" : "Eduardo",
				"headshot" : "img/bronze/bronze_eduardo.png",
				"headshot_funny" : "",
				"cohort" : "bronze",
				"skills" : [],
				"skill1" : "",
				"skill2" : "",
				"portfolio" : "",
				"linkedin" : "",
				"twitter" : "",
				"available" : "fulltime",
				"location" : [],
				"location1" : "",
				"location2" : "",
				"location3" : "",
				"bio" : ""
			},
			{
				"id" : "b14-Jamie",
				"name" : "Jamie",
				"headshot" : "img/bronze/bronze_jamie.png",
				"headshot_funny" : "",
				"cohort" : "bronze",
				"skills" : [],
				"skill1" : "",
				"skill2" : "",
				"portfolio" : "",
				"linkedin" : "",
				"twitter" : "",
				"available" : "fulltime",
				"location" : [],
				"location1" : "",
				"location2" : "",
				"location3" : "",
				"bio" : ""
			},
			{
				"id" : "b14-Jazzie",
				"name" : "Jazzie",
				"headshot" : "img/bronze/bronze_jazzie.png",
				"headshot_funny" : "",
				"cohort" : "bronze",
				"skills" : [],
				"skill1" : "",
				"skill2" : "",
				"portfolio" : "",
				"linkedin" : "",
				"twitter" : "",
				"available" : "fulltime",
				"location" : [],
				"location1" : "",
				"location2" : "",
				"location3" : "",
				"bio" : ""
			},
			{
				"id" : "b14-Jennifer",
				"name" : "Jennifer",
				"headshot" : "img/bronze/bronze_jennifer.png",
				"headshot_funny" : "",
				"cohort" : "bronze",
				"skills" : [],
				"skill1" : "",
				"skill2" : "",
				"portfolio" : "",
				"linkedin" : "",
				"twitter" : "",
				"available" : "fulltime",
				"location" : [],
				"location1" : "",
				"location2" : "",
				"location3" : "",
				"bio" : ""
			},
			{
				"id" : "b14-Jeselle",
				"name" : "Jeselle",
				"headshot" : "img/bronze/bronze_jeselle.png",
				"headshot_funny" : "",
				"cohort" : "bronze",
				"skills" : [],
				"skill1" : "",
				"skill2" : "",
				"portfolio" : "",
				"linkedin" : "",
				"twitter" : "",
				"available" : "fulltime",
				"location" : [],
				"location1" : "",
				"location2" : "",
				"location3" : "",
				"bio" : ""
			},
			{
				"id" : "b14-Luisa",
				"name" : "Luisa",
				"headshot" : "img/bronze/bronze_luisa.png",
				"headshot_funny" : "",
				"cohort" : "bronze",
				"skills" : [],
				"skill1" : "",
				"skill2" : "",
				"portfolio" : "",
				"linkedin" : "",
				"twitter" : "",
				"available" : "fulltime",
				"location" : [],
				"location1" : "",
				"location2" : "",
				"location3" : "",
				"bio" : ""
			},
			{
				"id" : "b14-SarahKempa",
				"name" : "Sarah Kempa",
				"headshot" : "img/bronze/bronze_sarah.png",
				"headshot_funny" : "",
				"cohort" : "bronze",
				"skills" : [],
				"skill1" : "",
				"skill2" : "",
				"portfolio" : "",
				"linkedin" : "",
				"twitter" : "",
				"available" : "fulltime",
				"location" : [],
				"location1" : "",
				"location2" : "",
				"location3" : "",
				"bio" : ""
			},
			{
				"id" : "b14-Sophia",
				"name" : "Sophia",
				"headshot" : "img/bronze/bronze_sophia.png",
				"headshot_funny" : "",
				"cohort" : "bronze",
				"skills" : [],
				"skill1" : "",
				"skill2" : "",
				"portfolio" : "",
				"linkedin" : "",
				"twitter" : "",
				"available" : "fulltime",
				"location" : [],
				"location1" : "",
				"location2" : "",
				"location3" : "",
				"bio" : ""
			},
			{
				"id" : "b14-VanessaRodriguez",
				"name" : "Vanessa Rodriguez",
				"headshot" : "img/bronze/bronze_vanessa.png",
				"headshot_funny" : "",
				"cohort" : "bronze",
				"skills" : [],
				"skill1" : "",
				"skill2" : "",
				"portfolio" : "",
				"linkedin" : "",
				"twitter" : "",
				"available" : "fulltime",
				"location" : [],
				"location1" : "",
				"location2" : "",
				"location3" : "",
				"bio" : ""
			}
		]

 	},
 	{
 		"year" : "2014",
 		"cohort" : "amaranth",
 		"logo" : "img/logos/amaranth.jpg",
 		"students" : [
 			{
				"id" : "b14-AmySherman",
				"name" : "Amy Sherman",
				"headshot" : "img/logo_black.jpg",
				"headshot_funny" : "",
				"cohort" : "amaranth",
				"skills" : [],
				"skill1" : "",
				"skill2" : "",
				"portfolio" : "",
				"linkedin" : "",
				"twitter" : "",
				"available" : "fulltime",
				"location" : [],
				"location1" : "",
				"location2" : "",
				"location3" : "",
				"bio" : ""
			},
			{
				"id" : "a14-AlanBrouilette",
				"name" : "Alan Brouilette",
				"headshot" : "img/amaranth/amaranth_alan.jpg",
				"headshot_funny" : "",
				"cohort" : "amaranth",
				"skills" : [],
				"skill1" : "",
				"skill2" : "",
				"portfolio" : "",
				"linkedin" : "",
				"twitter" : "",
				"available" : "fulltime",
				"location" : [],
				"location1" : "",
				"location2" : "",
				"location3" : "",
				"bio" : ""
			},
			{
				"id" : "a14-AmulyaAradhyula",
				"name" : "Amulya Aradhyula",
				"headshot" : "img/amaranth/amaranth_amulya.jpg",
				"headshot_funny" : "",
				"cohort" : "amaranth",
				"skills" : [],
				"skill1" : "",
				"skill2" : "",
				"portfolio" : "",
				"linkedin" : "",
				"twitter" : "",
				"available" : "fulltime",
				"location" : [],
				"location1" : "",
				"location2" : "",
				"location3" : "",
				"bio" : ""
			},
			{
				"id" : "a14-AnjaHarris",
				"name" : "Anja Harris",
				"headshot" : "img/amaranth/amaranth_anja.jpg",
				"headshot_funny" : "",
				"cohort" : "amaranth",
				"skills" : [],
				"skill1" : "",
				"skill2" : "",
				"portfolio" : "",
				"linkedin" : "",
				"twitter" : "",
				"available" : "fulltime",
				"location" : [],
				"location1" : "",
				"location2" : "",
				"location3" : "",
				"bio" : ""
			},
			{
				"id" : "a14-AnticioDuke",
				"name" : "Anticio Duke",
				"headshot" : "img/amaranth/amaranth_anticio.jpg",
				"headshot_funny" : "",
				"cohort" : "amaranth",
				"skills" : [],
				"skill1" : "",
				"skill2" : "",
				"portfolio" : "",
				"linkedin" : "",
				"twitter" : "",
				"available" : "fulltime",
				"location" : [],
				"location1" : "",
				"location2" : "",
				"location3" : "",
				"bio" : ""
			},
			{
				"id" : "a14-BetsyODonnell",
				"name" : "Betsy O'Donnel",
				"headshot" : "img/amaranth/amaranth_betsy.jpg",
				"headshot_funny" : "",
				"cohort" : "amaranth",
				"skills" : [],
				"skill1" : "",
				"skill2" : "",
				"portfolio" : "",
				"linkedin" : "",
				"twitter" : "",
				"available" : "fulltime",
				"location" : [],
				"location1" : "",
				"location2" : "",
				"location3" : "",
				"bio" : ""
			},
			{
				"id" : "a14-CarolineSoble",
				"name" : "Caroline Soble",
				"headshot" : "img/amaranth/amaranth_caroline.jpg",
				"headshot_funny" : "",
				"cohort" : "amaranth",
				"skills" : [],
				"skill1" : "",
				"skill2" : "",
				"portfolio" : "",
				"linkedin" : "",
				"twitter" : "",
				"available" : "fulltime",
				"location" : [],
				"location1" : "",
				"location2" : "",
				"location3" : "",
				"bio" : ""
			},
			{
				"id" : "a14-CathyDeng",
				"name" : "Cathy Deng",
				"headshot" : "img/amaranth/amaranth_cathy.jpg",
				"headshot_funny" : "",
				"cohort" : "amaranth",
				"skills" : [],
				"skill1" : "",
				"skill2" : "",
				"portfolio" : "",
				"linkedin" : "",
				"twitter" : "",
				"available" : "fulltime",
				"location" : [],
				"location1" : "",
				"location2" : "",
				"location3" : "",
				"bio" : ""
			},
			{
				"id" : "a14-DionSamuel",
				"name" : "Dion Samuel",
				"headshot" : "img/amaranth/amaranth_dion.jpg",
				"headshot_funny" : "",
				"cohort" : "amaranth",
				"skills" : [],
				"skill1" : "",
				"skill2" : "",
				"portfolio" : "",
				"linkedin" : "",
				"twitter" : "",
				"available" : "fulltime",
				"location" : [],
				"location1" : "",
				"location2" : "",
				"location3" : "",
				"bio" : ""
			},
			{
				"id" : "a14-ErikaOneil",
				"name" : "Erika O'Neil",
				"headshot" : "img/amaranth/amaranth_erika.jpg",
				"headshot_funny" : "",
				"cohort" : "amaranth",
				"skills" : [],
				"skill1" : "",
				"skill2" : "",
				"portfolio" : "",
				"linkedin" : "",
				"twitter" : "",
				"available" : "fulltime",
				"location" : [],
				"location1" : "",
				"location2" : "",
				"location3" : "",
				"bio" : ""
			},
			{
				"id" : "a14-ErinDunn",
				"name" : "Erin Dunn",
				"headshot" : "img/amaranth/amaranth_erin.jpg",
				"headshot_funny" : "",
				"cohort" : "amaranth",
				"skills" : [],
				"skill1" : "",
				"skill2" : "",
				"portfolio" : "",
				"linkedin" : "",
				"twitter" : "",
				"available" : "fulltime",
				"location" : [],
				"location1" : "",
				"location2" : "",
				"location3" : "",
				"bio" : ""
			},
			{
				"id" : "a14-HaYoungKwon",
				"name" : "Ha Young Kwon",
				"headshot" : "img/amaranth/amaranth_hayoung.jpg",
				"headshot_funny" : "",
				"cohort" : "amaranth",
				"skills" : [],
				"skill1" : "",
				"skill2" : "",
				"portfolio" : "",
				"linkedin" : "",
				"twitter" : "",
				"available" : "fulltime",
				"location" : [],
				"location1" : "",
				"location2" : "",
				"location3" : "",
				"bio" : ""
			},
			{
				"id" : "a14-JackieSpark",
				"name" : "Jackie Spark",
				"headshot" : "img/amaranth/amaranth_jackie.jpg",
				"headshot_funny" : "",
				"cohort" : "amaranth",
				"skills" : [],
				"skill1" : "",
				"skill2" : "",
				"portfolio" : "",
				"linkedin" : "",
				"twitter" : "",
				"available" : "fulltime",
				"location" : [],
				"location1" : "",
				"location2" : "",
				"location3" : "",
				"bio" : ""
			},
			{
				"id" : "a14-JessikaMa",
				"name" : "Jessika Ma",
				"headshot" : "img/amaranth/amaranth_jessika.jpg",
				"headshot_funny" : "",
				"cohort" : "amaranth",
				"skills" : [],
				"skill1" : "",
				"skill2" : "",
				"portfolio" : "",
				"linkedin" : "",
				"twitter" : "",
				"available" : "fulltime",
				"location" : [],
				"location1" : "",
				"location2" : "",
				"location3" : "",
				"bio" : ""
			},
			{
				"id" : "a14-JoeSiwak",
				"name" : "Joe Siwak",
				"headshot" : "img/amaranth/amaranth_joe.jpg",
				"headshot_funny" : "",
				"cohort" : "amaranth",
				"skills" : [],
				"skill1" : "",
				"skill2" : "",
				"portfolio" : "",
				"linkedin" : "",
				"twitter" : "",
				"available" : "fulltime",
				"location" : [],
				"location1" : "",
				"location2" : "",
				"location3" : "",
				"bio" : ""
			},
			{
				"id" : "a14-KarenAbney",
				"name" : "Karen Abney",
				"headshot" : "img/amaranth/amaranth_karen.jpg",
				"headshot_funny" : "",
				"cohort" : "amaranth",
				"skills" : [],
				"skill1" : "",
				"skill2" : "",
				"portfolio" : "",
				"linkedin" : "",
				"twitter" : "",
				"available" : "fulltime",
				"location" : [],
				"location1" : "",
				"location2" : "",
				"location3" : "",
				"bio" : ""
			},
			{
				"id" : "a14-Lauren",
				"name" : "Lauren",
				"headshot" : "img/logo_black.jpg",
				"headshot_funny" : "",
				"cohort" : "amaranth",
				"skills" : [],
				"skill1" : "",
				"skill2" : "",
				"portfolio" : "",
				"linkedin" : "",
				"twitter" : "",
				"available" : "fulltime",
				"location" : [],
				"location1" : "",
				"location2" : "",
				"location3" : "",
				"bio" : ""
			},
			{
				"id" : "a14-MarthaWillis",
				"name" : "Martha Willis",
				"headshot" : "img/amaranth/amaranth_martha.jpg",
				"headshot_funny" : "",
				"cohort" : "amaranth",
				"skills" : [],
				"skill1" : "",
				"skill2" : "",
				"portfolio" : "",
				"linkedin" : "",
				"twitter" : "",
				"available" : "fulltime",
				"location" : [],
				"location1" : "",
				"location2" : "",
				"location3" : "",
				"bio" : ""
			},
			{
				"id" : "a14-MeganJohns",
				"name" : "Megan Johns",
				"headshot" : "img/amaranth/amaranth_megan.jpg",
				"headshot_funny" : "",
				"cohort" : "amaranth",
				"skills" : [],
				"skill1" : "",
				"skill2" : "",
				"portfolio" : "",
				"linkedin" : "",
				"twitter" : "",
				"available" : "fulltime",
				"location" : [],
				"location1" : "",
				"location2" : "",
				"location3" : "",
				"bio" : ""
			},
			{
				"id" : "a14-MikePare",
				"name" : "Mike Pare",
				"headshot" : "img/amaranth/amaranth_mike.jpg",
				"headshot_funny" : "",
				"cohort" : "amaranth",
				"skills" : [],
				"skill1" : "",
				"skill2" : "",
				"portfolio" : "",
				"linkedin" : "",
				"twitter" : "",
				"available" : "fulltime",
				"location" : [],
				"location1" : "",
				"location2" : "",
				"location3" : "",
				"bio" : ""
			},
			{
				"id" : "a14-SarahDandia",
				"name" : "Sarah Dandia",
				"headshot" : "img/amaranth/amaranth_sarah.jpg",
				"headshot_funny" : "",
				"cohort" : "amaranth",
				"skills" : [],
				"skill1" : "",
				"skill2" : "",
				"portfolio" : "",
				"linkedin" : "",
				"twitter" : "",
				"available" : "fulltime",
				"location" : [],
				"location1" : "",
				"location2" : "",
				"location3" : "",
				"bio" : ""
			}
 		]
 	}
]

}